male,age,education,currentSmoker,cigsPerDay,BPMeds,prevalentStroke,prevalentHyp,diabetes,totChol,sysBP,diaBP,BMI,heartRate,glucose,TenYearCHD,calc_hdl_min,risk_hdl_min
0,46,2,0,0,0,0,0,0,250,121,81,28.73,95,76,0,7.3%,Low Risk
1,39,4,0,0,0,0,0,0,195,106,70,26.97,80,77,0,2.8%,Low Risk
0,61,3,1,30,0,0,1,0,225,150,95,28.58,65,103,1,>30%,High Risk
1,48,1,1,20,0,0,0,0,245,127.5,80,25.34,75,70,0,21.6%,High Risk
0,43,2,0,0,0,0,1,0,228,180,110,30.3,77,99,0
0,46,3,1,23,0,0,0,0,285,130,84,23.1,85,85,0,15.9%,Moderate Risk
0,45,2,1,20,0,0,0,0,313,100,71,21.68,79,78,0,8.6%,Low Risk
0,63,1,0,0,0,0,0,0,205,138,71,33.11,60,85,1,13.7%,Moderate Risk
1,52,1,0,0,0,0,1,0,260,141.5,89,26.36,76,79,0,21.6%,High Risk
